request_id,seed,requested_video_seconds,processing_seconds,video_sha256
R01,532136090,5,28.34926334163174,010d46a606057d6a6dc4ff21deb6c1200ddc1c5e13b1e3ed4ff2ce3ab655dcdf
R02,816554692,5,27.74949911283329,982ed123577a741f15094fedf93332e11a867527b0fff7bbe90376f3eff6cc56
R03,1109996610,5,27.840784998144954,982ba66b1bd2c69788d95185bfbf0f6ad66583cb1bc6374dece833eb457b862f
R04,1521396091,5,27.677007840946317,4d5097bfbef2e81cce095dbb6a248cd5af21dc45d6cb7ab7924c71b4dd355ec4
R05,699855493,5,27.664384801872075,500852f3a4b6baa978999d23cb6332c7518637578e9c324c272cd1b2fc21c7d8
R06,2819968705,5,27.768114588223398,9a20780c3f67c670630d4be842e59a7b469b2985229afb76a94d722e1c5a91bf
R07,922960524,5,28.17044554417953,fa83ded385249602c81abcb618c9b0b3c829c377492e21b5511333d41cefc430
R08,3238786465,5,28.076576652005315,bf736dd0cdce5e448cda5fe3e424dc4a7cbfff8c889922c944b4e012c86037de
R09,920085995,5,28.15559323085472,5eba410eb2b9e2a65dbc06b41a10f855f51ad4a45727840b7243a25b17aca6f0
R10,4209735861,5,27.94214903889224,9dfa65bd02414503e319a926208306e9f529537c2e9b1fcfe12555256e90ecb8
