request_id,seed,requested_video_seconds,processing_seconds,output_bytes,artifact_sha256
R01,532136090,5,26.741737490999867,3726472,010d46a606057d6a6dc4ff21deb6c1200ddc1c5e13b1e3ed4ff2ce3ab655dcdf
R02,816554692,5,26.700007164,2403146,5a9446174c407de4b66545b7ef2a5e2ffac15628dfe1a40b12871b30fc0cecf6
R03,1109996610,5,26.715519188000144,5404817,982ba66b1bd2c69788d95185bfbf0f6ad66583cb1bc6374dece833eb457b862f
R04,1521396091,5,26.705325695000056,3355223,c21d24201a8b0d1cab09f440ba12769faa38ddcea16e614fd0cc23de0eb8b728
R05,699855493,5,26.6588229460001,2318752,500852f3a4b6baa978999d23cb6332c7518637578e9c324c272cd1b2fc21c7d8
R06,2819968705,5,26.686523324999825,3616383,5bbd19e14e2b25025bc71528324c059ee0f848310c2843563c38671951838cca
R07,922960524,5,26.72359728100014,3091304,fa83ded385249602c81abcb618c9b0b3c829c377492e21b5511333d41cefc430
R08,3238786465,5,26.74065213400013,3992471,1e02e9ec4612b9ae0dc9d29aebc1dbf3398dc500ca2cd8a1b6b93be667c328ec
R09,920085995,5,26.725284519999832,4347079,83b32c736104b66381a2746fdf0315e5431bb8c8bd9d0ece29362ff2c2c48415
R10,4209735861,5,26.68004621299997,3723636,d7fb36dd7cda74f938a22971f4cd7d17b5554b2ec0c04aa976e71262c7795999
